title,similarity
Star Trek Into Darkness,0.32824397594488736
Titan A.E.,0.3198010745334157
Aliens,0.2909286827258562
Guardians of the Galaxy,0.28603877677367767
The Lovers,0.2631806779839076
